Date,Actual_NIFTY50,LSTM_GNN_Pred,True_LogRet,Pred_LogRet
2023-08-09,44880.699219999995,44836.488465549985,-0.0018643193474900954,-0.0028498776149549136
2023-08-10,44541.80077999998,44762.64600583894,-0.00757974922526472,-0.0016482854854548668
2023-08-11,44199.10155999995,44565.93062060544,-0.007723629455854919,-0.0044043174234521375
2023-08-14,44090.94922000002,44308.33246691894,-0.0024499338971999407,-0.005796928516892843
2023-08-16,43946.39844,44084.43371284075,-0.003283854267341013,-0.0050660080594292466
2023-08-17,43891.351559999974,43902.807276112675,-0.001253376531305861,-0.00412847800798514
2023-08-18,43851.05077999997,43673.812084262776,-0.0009186158974276992,-0.005229608436990294
2023-08-21,44001.99999999997,43413.0037535427,0.0034364058437343914,-0.005989634778456861
2023-08-22,43993.249999999956,43278.488586174884,-0.00019887437171561828,-0.003103309717983682
2023-08-23,44479.050779999954,43097.67229804242,0.010982096277945885,-0.004186723521943549
2023-08-24,44496.19921999996,42964.13925953961,0.00038546540104889004,-0.0031031916071500468
2023-08-25,44231.449220000024,42784.76914447778,-0.005967717850762,-0.004183618894316565
2023-08-28,44494.648440000026,42502.347111879106,0.005932865277921806,-0.006622877576504109
2023-08-29,44495.24999999996,42364.48216708871,1.3519736745237765e-05,-0.0032489741218084058
2023-08-30,44232.60155999995,42214.00424132482,-0.005920332850203991,-0.003558306395099112
2023-08-31,43989.14843999995,42052.89515084133,-0.005519131914327957,-0.0038237858031586755
2023-09-01,44436.10155999997,41843.69058590881,0.010109260113773999,-0.004987211260418304
2023-09-04,44578.300779999954,41791.28401359297,0.0031949737845629045,-0.0012532216199212065
2023-09-05,44532.14843999998,41735.25010011277,-0.0010358458414394534,-0.0013417035072902385
2023-09-06,44409.10155999997,41640.38088307841,-0.0027669266735674825,-0.0022757071067015214
2023-09-07,44878.35155999999,41503.65147869706,0.010511092072684747,-0.0032889799484582868
2023-09-08,45156.39843999995,41438.12536657442,0.006176454400641518,-0.0015800511695661626
2023-09-11,45570.69922000001,41355.16226421901,0.00913296403065722,-0.002004102808269159
2023-09-12,45511.35155999996,41374.595322352674,-0.0013031693487519647,0.00046979609412597896
2023-09-13,45909.44922000003,41239.117173330036,0.00870918156270939,-0.003279801049387205
2023-09-14,46000.85156000002,41184.935452152735,0.001988947253048323,-0.0013147067453164682
2023-09-15,46231.5,41158.875524967494,0.005001475445434167,-0.0006329541405976014
2023-09-18,45979.85156,41171.73854977275,-0.005458092967426609,0.00031247246372383277
2023-09-20,45384.60156000002,41048.3926361186,-0.01303041614165501,-0.0030003845629586827
2023-09-21,44623.85156,40834.92878895994,-0.01690437040950954,-0.005213865950164339
2023-09-22,44612.050780000034,40537.728095284074,-0.0002644850280955069,-0.007304714546104144
2023-09-25,44766.10155999997,40304.83557732935,0.003447172010506705,-0.005761647123588371
2023-09-26,44624.19921999998,40087.23662042051,-0.0031748961119788532,-0.00541345638603167
2023-09-27,44588.300779999954,39857.43793934963,-0.0008047850231207576,-0.005748958645460699
2023-09-28,44300.949220000024,39683.074584653805,-0.00646540635624504,-0.004384272327686613
2023-09-29,44584.550779999954,39342.42093325399,0.006381300040553484,-0.008621414119469853
2023-10-03,44399.05078000002,39238.72789704955,-0.004169313569303057,-0.0026391341417971695
2023-10-04,43964.05077999997,38975.596913217574,-0.009845818138895623,-0.006728485534750252
2023-10-05,44213.351560000025,38661.245188613335,0.005654542720533229,-0.00809804814265585
2023-10-06,44360.601560000025,38493.40856796709,0.003324908293405926,-0.0043506613590292694
2023-10-09,43886.50000000004,38351.25107911179,-0.010744967552094309,-0.00369987066569907
2023-10-10,44360.14843999999,38075.0909433426,0.010734753030687827,-0.0072268626337622845
2023-10-11,44516.898440000026,37989.343580148285,0.0035273485793858583,-0.0022545990134332796
2023-10-12,44599.199219999995,37873.3500328978,0.0018470468424673925,-0.003057988903820215
2023-10-13,44287.94921999996,37720.75806796173,-0.00700329074774686,-0.004037144587632629
2023-10-16,44225.89844000002,37551.06891605163,-0.0014020583627338823,-0.004508710527409461
2023-10-17,44409.49999999996,37397.83059202774,0.004142855469288165,-0.004089147100384603
2023-10-18,43888.69921999998,37280.14745488972,-0.011796544529174113,-0.0031517520327503656
2023-10-19,43754.49999999997,37084.636404507655,-0.003062401328897124,-0.00525817438575379
2023-10-20,43723.05078,36903.85265928397,-0.0007190238198138132,-0.004886817051828346
2023-10-23,43151.19922000001,36681.34355806116,-0.013165231805222888,-0.006047677816700467
2023-10-25,42831.99999999999,36314.00011110732,-0.007424722254013361,-0.01006493098220735
2023-10-26,42280.14843999996,36015.01953715231,-0.012967814902275165,-0.008267284094278923
2023-10-27,42782.00000000003,35633.26568044553,0.011799781503892603,-0.010656430037052656
2023-10-30,43039.14843999999,35500.07564681731,0.005992676962197407,-0.003744803401409164
2023-10-31,42845.94922000001,35301.979597217214,-0.004499023722297935,-0.00559578576721202
2023-11-01,42700.94922000002,35048.34203608476,-0.003389956655436066,-0.007210732068482956
2023-11-02,43017.19921999999,34798.200144367,0.007378867618529128,-0.0071626440862171785
2023-11-03,43318.250000000044,34684.21847585163,0.0069740066889565355,-0.003280880919866156
2023-11-06,43619.398440000026,34580.26468471043,0.0069279454852289035,-0.0030016500361762033
2023-11-07,43737.898440000004,34532.00040013249,0.002712997698321118,-0.0013966925368355618
2023-11-08,43658.64844,34456.454260923194,-0.0018135732943829197,-0.002190110498268436
2023-11-09,43683.60156000002,34392.47272590135,0.0005713871735366638,-0.0018586071342067709
2023-11-10,43820.101559999996,34305.62069543577,0.003119870493534904,-0.002528514909609646
2023-11-13,43891.24999999999,34227.81721474241,0.001622331758422746,-0.002270527102997804
2023-11-15,44201.699219999966,34163.66649033197,0.007048248649882183,-0.0018759862997273853
2023-11-16,44161.55078000001,34206.41113573718,-0.0009087135831400417,0.0012503905936213121
2023-11-17,43583.94921999998,34226.71723357479,-0.013165573233060002,0.0005934581369420803
2023-11-20,43584.94922000004,34143.7206654451,2.294396322533032e-05,-0.00242785073339995
2023-11-21,43689.148439999975,34065.76475127105,0.0023878624312310137,-0.0022857802735129842
2023-11-22,43449.60156,34032.70395266793,-0.005498070225559815,-0.0009709704734854385
2023-11-23,43577.49999999997,33968.370981500404,0.002939280518079457,-0.001892116865006713
2023-11-24,43769.10155999998,33864.122204039435,0.004387162497314634,-0.0030737145176699364
2023-11-28,43880.94922,33793.140597611724,0.002552142747529018,-0.0020982708886289163
2023-11-29,44566.44921999999,33742.04688828582,0.015501048943772133,-0.0015130991998712124
2023-11-30,44481.74999999997,33792.81799392025,-0.0019023236019286571,0.0015035527290303426
2023-12-01,44814.19922000004,33760.415138338874,0.007446043385320067,-0.0009593281198842502
2023-12-04,46431.398440000004,33734.86746184367,0.03545088481876846,-0.0007570211348433093
2023-12-05,47012.25000000002,33862.626711049765,0.01243228515001249,0.0037800040635398184
2023-12-06,46834.55078000004,33925.2133957593,-0.003787010977360339,0.0018465465899070938
2023-12-07,46841.39844000001,33927.63258769167,0.0001461988924411628,7.130701441689641e-05
2023-12-08,47262.00000000002,33917.388304694665,0.008939195986490844,-0.00030199071177541175
2023-12-11,47314.250000000015,33917.93089900549,0.001104928675346173,1.599739832313462e-05
2023-12-12,47097.550780000034,33887.99647727459,-0.004590519378913527,-0.0008829441564747139
2023-12-13,47092.25,33789.92897030869,-0.00011255528649023461,-0.0028980668350780934
2023-12-14,47732.30078000003,33733.92137317396,0.013499889961371636,-0.0016588985875058053
2023-12-15,48143.550780000005,33798.23187305336,0.008578855165874089,0.0019045896281506998
2023-12-18,47867.699219999995,33881.18908766179,-0.005746249924609259,0.0024514765338343506
2023-12-19,47870.89843999999,33831.70955408777,6.683239736915425e-05,-0.0014614510196201433
2023-12-20,47445.30077999999,33743.38120217769,-0.008930286602504722,-0.0026142296288763664
2023-12-21,47840.14843999995,33487.31788812371,0.008287727523685007,-0.007617488906546507
2023-12-22,47491.85156000004,33431.14004652877,-0.007307062260753838,-0.0016789943022000307
2023-12-26,47724.851559999996,33392.29343875948,0.004894109067818064,-0.0011626643564754408
2023-12-27,48282.19921999997,33347.96149900275,0.011610687271488729,-0.0013284919668993247
2023-12-28,48508.55077999996,33368.91387822322,0.004677140586926143,0.0006280983571496742
2023-12-29,48292.25,33368.62341514219,-0.0044689948482243835,-8.70463888286516e-06
2024-01-02,47761.64844000003,33304.31453430029,-0.011048108733533013,-0.0019290855559345448
2024-01-03,47704.94922,33206.536486207784,-0.0011878338195021598,-0.0029402155297096424
2024-01-04,48195.85155999998,33065.50240072488,0.010237800388051,-0.004256223311049774
2024-01-05,48159.00000000003,33018.83472242734,-0.000764913467254047,-0.0014123675317565822
2024-01-08,47450.25,32954.01225714964,-0.014826242919431465,-0.001965126233169528
2024-01-09,47242.64844000003,32743.184938751765,-0.004384740482789695,-0.006418174628837997
2024-01-10,47360.85156000004,32645.914063802076,0.002498917725260341,-0.0029751425905132074
2024-01-11,47438.351559999996,32558.692853785764,0.001635035205246993,-0.002675309802842022
2024-01-12,47709.800780000034,32456.91654162052,0.005705837681105663,-0.003130829542220694
2024-01-15,48158.30077999997,32453.65663492634,0.009356673696023776,-0.00010044301066498319
2024-01-16,48125.101560000025,32447.35728494469,-0.0006896146274186776,-0.00019412177471396597
2024-01-17,46064.44922000001,32317.276656361617,-0.0437624170370583,-0.004017031999962169
2024-01-18,45713.55077999997,31983.01758446974,-0.007646715984598984,-0.010396906789603555
2024-01-19,45701.14844000001,31788.17868380739,-0.0002713423592020092,-0.006110580272099352
2024-01-23,45015.05077999998,31665.788846882067,-0.015126531934299692,-0.003857599247530823
2024-01-24,45082.39843999996,31374.579167241805,0.0014949962096952873,-0.009238897557714914
2024-01-25,44866.14843999998,31294.042456786832,-0.00480831373358015,-0.0025702417798353547
2024-01-29,45442.35155999995,31064.923689408144,0.012760945849805694,-0.007348415554549185
2024-01-30,45367.74999999995,30998.390375254086,-0.0016430237495796973,-0.0021440472731506905
2024-01-31,45996.80078000002,30826.608653661,0.013770345605067291,-0.00555704541377966
2024-02-01,46188.64843999997,30842.99580735687,0.0041622173257938044,0.0005314499492835768
2024-02-02,45970.94922000003,30746.166586402844,-0.0047244048465469035,-0.0031443616691600464
2024-02-05,45825.550780000005,30705.92949214169,-0.0031678454318502247,-0.0013095436145889848
2024-02-06,45690.80078000003,30654.301290798885,-0.0029448310620487916,-0.001682790721852592
2024-02-07,45818.499999999985,30672.323807723777,0.0027909578983482675,0.0005877550709751213
2024-02-08,45012.00000000002,30606.01422293175,-0.017758818805578613,-0.00216421047974985
2024-02-09,45634.55077999996,30442.688304670464,0.013736001272366849,-0.005350688914442654
2024-02-12,44882.24999999998,30381.215218448608,-0.01662272851248936,-0.0020213469899799047
2024-02-13,45502.39843999995,30216.577323571855,0.013722643887028596,-0.0054338051953693985
2024-02-14,45908.300780000005,30159.272342633092,0.008880908061552617,-0.0018982755013319795
2024-02-15,46218.89844000002,30094.81479482426,0.006742825993276469,-0.0021395253155200838
2024-02-16,46384.85156000001,30066.085169707567,0.003584159338158699,-0.0009550930028496149
2024-02-20,47094.199220000024,30097.184849204834,0.01517690369901814,0.0010338428166392075
2024-02-21,47019.69922000002,30081.876735674487,-0.0015831883876025188,-0.0005087521625420247
2024-02-22,46919.80078,29985.67927603522,-0.002126868413354188,-0.003202978388595595
2024-02-23,46811.74999999998,29989.33654317133,-0.0023055380384278124,0.00012195968907018286
2024-02-26,46576.49999999995,29925.39568711365,-0.00503811769907081,-0.0021343959307450677
2024-02-27,46588.05077999996,29801.990886631305,0.0002479651318552101,-0.004132274427637701
2024-02-28,45963.148440000004,29751.970396245822,-0.013504132669345026,-0.001679837951011711
2024-02-29,46120.89843999999,29549.06212731356,0.0034262211460873715,-0.0068433567569486445
2024-03-01,47286.89843999998,29454.58741665732,0.024967092849148997,-0.003202337215498718
2024-03-04,47456.10155999997,29466.35647444428,0.003571837494936503,0.00039948640216054104
2024-03-05,47580.999999999956,29406.908488016812,0.0026284158471927555,-0.0020195247085466753
2024-03-06,47965.39843999997,29333.85821849601,0.00804636323776542,-0.0024872098637897773
2024-03-07,47835.800779999954,29309.096012145565,-0.002705555673834681,-0.0008445075166145585
2024-03-11,47327.85155999997,29242.685589550514,-0.010675379338280777,-0.002268434853944837
2024-03-12,47282.39843999999,29101.653678778377,-0.0009608498761384254,-0.004834477079551699
2024-03-13,46981.30077999998,28968.50328786208,-0.006388433437813035,-0.0045858537747495084
2024-03-14,46789.94922000001,28699.2256427233,-0.004081247196877413,-0.009339004925708902
2024-03-15,46594.101559999996,28617.81885499238,-0.004194462448383618,-0.0028405806050501967
2024-03-18,46575.89843999996,28415.963885821693,-0.0003907506757894197,-0.007078464807787716
2024-03-19,46384.80078000002,28282.193963421014,-0.004111370305647455,-0.0047186778436604584
2024-03-20,46310.89843999997,28024.41648364884,-0.001594515307179023,-0.009156270593098944
2024-03-21,46684.89844000002,27844.87878708833,0.008043417636537598,-0.006427083560289341
2024-03-22,46863.75000000002,27780.54951634965,0.003823716983523795,-0.0023129457652490905
2024-03-26,46600.199219999966,27673.79144309244,-0.00563963925620925,-0.0038503101217979047
2024-03-27,46785.94922,27525.68574859841,0.003978111273811535,-0.005366212052577571
2024-03-28,47124.60156000001,27408.101743050705,0.007212263268650432,-0.004280942221232008
2024-04-01,47578.25000000001,27370.437511367065,0.009580533266454694,-0.0013751457461852463
2024-04-02,47545.449220000024,27355.99746604645,-0.0006896447797757332,-0.0005277173878285983
2024-04-03,47624.250000000015,27292.58811303195,0.0016560060324692927,-0.0023206229694353814
2024-04-04,48060.80077999997,27230.094392189127,0.00912480696719875,-0.002292394480196558
2024-04-05,48493.050780000034,27208.02622548736,0.008953612532300426,-0.0008107615641473457
2024-04-08,48581.69921999997,27165.9217352264,0.001826395940080161,-0.0015487011797241219
2024-04-09,48730.55078,27147.97107504113,0.0030592587488751377,-0.0006609970270978553
2024-04-10,48986.60156000003,27104.03365327297,0.005240663688921288,-0.0016197532826438385
2024-04-12,48564.550779999976,27074.63172739058,-0.00865296622853684,-0.00108536925234929
2024-04-15,47773.25000000003,26930.814551419306,-0.016427997521395454,-0.005326037496165355
2024-04-16,47484.80078000002,26728.73427202176,-0.00605618316283163,-0.007531976662994589
2024-04-18,47069.44922000002,26548.52153109054,-0.008785522207331198,-0.006765116766153411
2024-04-19,47574.14843999996,26349.750895344343,0.010665359656501394,-0.007515238670570852
2024-04-22,47924.89844000002,26226.94994251343,0.007345656079817076,-0.0046713153993727255
2024-04-23,47970.44921999999,26153.63658447275,0.0009500102880348749,-0.0027992586862540946
2024-04-24,48188.999999999956,26031.58445592768,0.004545599170736381,-0.004677659638436561
2024-04-25,48494.94922000001,25938.84760247228,0.0063288734829605175,-0.0035688351322688827
2024-04-26,48201.05077999996,25906.18948921194,-0.006078831492832393,-0.0012598358266047802
2024-04-29,49424.05078000003,25807.942486641376,0.025056342377896,-0.003799623701192151
2024-04-30,49396.749999999985,25804.93936272135,-0.0005525310557921159,-0.00011637110022950764
2024-05-02,49231.05077999996,25730.63568438345,-0.0033600947113932023,-0.002883589821469659
2024-05-03,48923.55077999995,25688.130020915527,-0.006265646258182045,-0.0016533136323724816
2024-05-06,48895.30077999998,25577.325366227717,-0.0005775982918390099,-0.004322787202291351
2024-05-07,48285.35156,25509.581802023695,-0.012553058966071617,-0.0026520925875445794
2024-05-08,48021.101560000025,25327.792058162097,-0.005487704189988563,-0.00715184538142767
2024-05-09,47487.89844000001,25222.24520751583,-0.011165621241419288,-0.004175941690130275
2024-05-10,47421.10156,25025.368163485236,-0.0014075986688073527,-0.007836314535320148
2024-05-13,47754.10156,24908.288851793935,0.006997649554076446,-0.0046894032298951515
2024-05-14,47859.44921999994,24820.04075579842,0.0022036144828945226,-0.0035492118609091986
2024-05-15,47687.449219999966,24750.5148631009,-0.0036003300704106067,-0.0028051304819833893
2024-05-16,47977.05077999994,24633.142801843118,0.006054543632629361,-0.004753486793630388
2024-05-17,48115.64843999999,24588.413443106074,0.002884667768405791,-0.0018174708181492383
2024-05-21,48048.19922,24525.258766209274,-0.0014027980930890749,-0.002571777220672613
2024-05-22,47781.949219999944,24485.231821177225,-0.005556720706804796,-0.001633403520416826
2024-05-23,48768.60156,24407.600417594564,0.02043875832992903,-0.003175576675192218
2024-05-24,48971.64844,24434.983073983665,0.004154832263955299,0.0011212617065055224
2024-05-27,49281.800779999954,24375.90081478572,0.006313332969721586,-0.002420865321239237
2024-05-28,49142.14843999998,24338.75315182993,-0.0028377734245488284,-0.00152511275894954
2024-05-29,48501.35156,24269.310886796968,-0.01312542216337853,-0.002857234232592766
2024-05-30,48682.35155999999,24157.093810465798,0.003724908672328553,-0.004634549184159697
2024-05-31,48983.949219999995,23994.257858430938,0.006176104066105026,-0.006763530706387452
2024-06-03,50979.94921999997,23888.00819091185,0.03993972536049739,-0.004437962138061948
2024-06-04,46928.60155999997,23974.37649293865,-0.0828050719314195,0.0036090301953646845
2024-06-05,49054.601559999996,23528.865711239156,0.04430666433151664,-0.018757618370141633
2024-06-06,49291.89844000002,23701.331120719373,0.0048257404281688565,0.007303216484926705
2024-06-07,49803.19921999997,23686.61737168168,0.010319487633834612,-0.0006209912004479745
2024-06-10,49780.89843999993,23768.91332561842,-0.00044787834396942117,0.0034683433195288743
2024-06-11,49705.74999999997,23719.285297363607,-0.0015107244131922215,-0.0020901212411080844
2024-06-12,49895.101560000025,23680.76474893726,0.003802212233182445,-0.0016253382377771622
2024-06-13,49846.69922000001,23654.626900399482,-0.0009705528358416871,-0.001104368223588331
2024-06-14,50002.0,23638.51261625621,0.003110724655307706,-0.0006814639472692199
2024-06-18,50440.89844,23616.10261765106,0.008739318363844006,-0.0009484787961660412
2024-06-19,51398.05077999999,23599.879985418236,0.018797926181935765,-0.0006871670132361788
2024-06-20,51783.249999999935,23579.821257800882,0.007466488726311837,-0.0008503118204389191
2024-06-21,51661.44921999999,23557.178725756105,-0.002354897586942073,-0.0009607117039354059
2024-06-24,51703.94921999999,23508.90509856595,0.0008223255177526312,-0.0020513133957707898
2024-06-25,52605.99999999995,23462.4080764451,0.01729601584834839,-0.0019798057224927655
2024-06-26,52870.50000000001,23460.5170733982,0.005015345682291894,-8.060039061426207e-05
2024-06-27,52811.30077999997,23406.74103820987,-0.0011203296263886386,-0.0022948241887741972
2024-06-28,52342.25000000002,23386.71782801354,-0.008921313402909803,-0.0008558124106910749
2024-07-01,52574.74999999995,23325.849125566165,0.004432082133300597,-0.002606096854331768
2024-07-02,52168.10156000001,23315.769490823335,-0.007764739589402936,-0.00043221634234638596
2024-07-03,53089.24999999996,23241.02513964711,0.017503232665255553,-0.003210891814449156
2024-07-04,53103.69922000001,23242.8961822422,0.000272131439899681,8.05027864642119e-05
2024-07-05,52660.35156000001,23236.869640127894,-0.008383760900644077,-0.0002593189548806211
2024-07-08,52425.800779999976,23188.703054837988,-0.004463978636009003,-0.002075003054402773
2024-07-09,52568.80078000001,23103.192673856232,0.0027239512564634083,-0.0036944038213993814
2024-07-10,52189.30077999995,23094.27458494952,-0.007245294721446527,-0.00038608562532370605
2024-07-11,52270.64844000002,22974.860139213615,0.0015574902544326363,-0.005184152639016958
2024-07-12,52278.898439999946,22897.38775057453,0.00015781990956931224,-0.00337774867642329
2024-07-15,52455.89843999994,22874.215223695384,0.0033799687167874737,-0.0010125286139488112
2024-07-16,52396.80078000001,22837.6585724769,-0.0011272512142745938,-0.0015994382192585765
2024-07-18,52620.69921999997,22774.583761308415,0.004264027980900309,-0.002765698336525451
2024-07-19,52265.60155999998,22747.51235939974,-0.0067711229030127384,-0.00118937427785324
2024-07-22,52280.398439999946,22583.4656474492,0.00028306927283239247,-0.007237762576409194
2024-07-23,51778.30077999994,22521.879115260665,-0.009650352357363445,-0.0027307881486981194
2024-07-24,51316.99999999998,22425.181081016555,-0.008949076342936735,-0.0043027589795020605
2024-07-25,50888.74999999999,22321.35874372443,-0.008380203780163242,-0.004640471598817693
2024-07-26,51295.94921999997,22222.13068373874,0.007969908969316819,-0.004455341303582563
2024-07-29,51406.249999999935,22257.299163812662,0.0021479739138285936,0.0015813371494672681
2024-07-30,51499.30077999997,22208.28579727331,0.0018084700903973072,-0.002204553765924403
2024-07-31,51553.39843999999,22150.35526299645,0.0010499029211032962,-0.0026119180311323623
2024-08-01,51563.99999999997,22119.553454591158,0.00020562116961286847,-0.0013915462790843119
2024-08-02,51350.14843999993,22049.643521077076,-0.004155927460713471,-0.003165554127309456
2024-08-05,50092.101559999915,21899.92908958974,-0.024804484950958994,-0.006813036018656854
2024-08-06,49748.30077999991,21611.153162665512,-0.006887034323765917,-0.013273867348267084
2024-08-07,50118.99999999995,21458.352733867756,0.007423869868476984,-0.007095557132712359
2024-08-08,50156.699219999944,21426.22319295574,0.0007519114215988054,-0.0014984197105479748
2024-08-09,50484.49999999994,21293.264709276707,0.006514269339882972,-0.006224742829295932
2024-08-12,50577.94921999999,21255.410125611845,0.0018493366696468172,-0.0017793547648375216
2024-08-13,49831.851559999915,21176.335743762007,-0.01486132600641632,-0.003727137395292578
2024-08-14,49727.30077999992,21035.32632544854,-0.0021002753835315247,-0.006681089344510052
2024-08-16,50516.89843999991,20934.96347050241,0.015753809126845653,-0.0047825758046571255
2024-08-19,50368.35155999997,20950.664337076385,-0.0029448702828815954,0.0007497018968652756
2024-08-20,50803.14843999997,20889.783787198216,0.00859529723024366,-0.0029101310130851222
2024-08-21,50685.55077999997,20870.509286880944,-0.0023174543281090365,-0.0009231018399106972
2024-08-22,50985.69921999999,20827.184209229603,0.005904310450649319,-0.0020780570631010555
2024-08-23,50933.44921999992,20787.10338900332,-0.0010253226283243322,-0.0019263015148559997
2024-08-26,51148.10155999997,20729.66747568435,0.004205513233834779,-0.0027668794448618035
2024-08-27,51278.74999999993,20718.40724094961,0.0025510597829399018,-0.0005433417638209178
2024-08-28,51143.851559999915,20682.320014558376,-0.002634155273305794,-0.0017433140876025382
2024-08-29,51152.74999999993,20658.48851593049,0.00017397332632285156,-0.00115292864918865
2024-08-30,51350.999999999905,20613.478686772196,0.0038681559883428918,-0.002181134074912157
2024-09-02,51439.55077999996,20604.686900797155,0.0017229366169058125,-0.00042659764126059505
2024-09-03,51689.10155999995,20547.465520348884,0.004839610746683931,-0.002780968380016865
2024-09-04,51400.24999999989,20501.096628446023,-0.0056039214827059425,-0.002259222208921288
2024-09-05,51473.05077999989,20423.148797775124,0.0014153486201173848,-0.0038093762814551757
2024-09-06,50576.85155999993,20366.368681266365,-0.017564392316067767,-0.002784056134667615
2024-09-09,51117.800779999954,20222.30050570075,0.010638795841767745,-0.007098965473911548
2024-09-10,51272.30077999989,20146.580669243456,0.003017872136187094,-0.003751400735116504
2024-09-11,51009.99999999992,20111.11040777189,-0.005128968609689366,-0.0017621612020554767
2024-09-12,51772.398439999946,19997.10764034534,0.014835466667662445,-0.00568477384386806
2024-09-13,51938.05077999993,20019.188882095004,0.0031945186260138314,0.00110361257336517
2024-09-16,52153.1484399999,19983.62932488326,0.004132875166760641,-0.0017778530699527305
2024-09-17,52188.64843999991,19941.37949942449,0.0006804560096007606,-0.0021164599570087437
2024-09-18,52750.39843999996,19888.816882041363,0.010706317287706213,-0.002639336617511973
2024-09-19,53037.60155999997,19795.263519007804,0.00542979970558477,-0.0047149151699603644
2024-09-20,53793.199219999915,19737.079719919097,0.014145925229154699,-0.0029436069979325973
2024-09-23,54105.80077999989,19747.66540719896,0.005794352767313882,0.0005361912556052201
2024-09-24,53968.6015599999,19734.283926237247,-0.002538978532065528,-0.0006778531303552281
2024-09-25,54101.64843999996,19714.23567211831,0.002462230765956974,-0.0010164262714587743
2024-09-26,54375.35155999996,19673.270072690615,0.005046299230688334,-0.0020801324391777893
2024-09-27,53834.30077999992,19679.856367696284,-0.010000129880578967,0.00033472791937595964
2024-09-30,52978.10155999988,19642.191983018263,-0.0160321749213157,-0.0019156884128050612
2024-10-01,52922.60155999992,19516.271806910976,-0.0010481517770131177,-0.00643133555030021
2024-10-03,51845.19921999996,19458.974693298504,-0.020568157669671905,-0.002940181783757175
2024-10-04,51462.05077999989,19274.840335250097,-0.0074176826272776,-0.009507751561021198
2024-10-07,50478.89843999993,19135.670009296657,-0.019289261700063065,-0.007246502778098202
2024-10-08,51020.99999999996,18961.629141278412,0.01068191639509486,-0.009136714813644194
2024-10-09,51006.99999999998,18893.80019413445,-0.0002744344706915314,-0.0035835821134970547
2024-10-10,51530.89843999994,18824.878511435913,0.010218719260864262,-0.003654516105583136
2024-10-11,51172.30077999996,18723.01936495369,-0.006983212207234857,-0.005425571182967399
2024-10-14,51816.89843999989,18637.497362775513,0.012517935514825496,-0.004578210316515685
2024-10-15,51905.99999999992,18598.969723633454,0.0017180696501419845,-0.0020693506073645148
2024-10-16,51801.05077999992,18505.80477727309,-0.0020239560384140987,-0.005021733369792263
2024-10-17,51288.8007799999,18394.732514408264,-0.009938014425964425,-0.006020107373534755
2024-10-18,52094.199219999944,18249.74225560863,0.015581183251313746,-0.007913390290755261
2024-10-21,51962.699219999915,18191.109982205784,-0.002527464723129924,-0.0032179447185148036
2024-10-22,51257.14843999996,18076.299601115516,-0.013671048442157385,-0.006331346293139858
2024-10-23,51238.99999999992,17896.280929632707,-0.0003541292129689566,-0.01000874397134944
2024-10-24,51531.14843999993,17785.50326702161,0.005685488080024115,-0.006209219691161015
2024-10-25,50787.44921999998,17685.77748689585,-0.01453718745397481,-0.00562291751299566
2024-10-28,51259.300779999925,17518.019177311246,0.009247818726388246,-0.009530766300603838
2024-10-29,52320.69921999991,17460.863908704367,0.020494991168868992,-0.0032679899660236805
2024-10-30,51807.49999999996,17384.592107864857,-0.009857144926771255,-0.004377725612907973
2024-10-31,51475.351559999915,17261.493887087523,-0.006431843815809302,-0.0071060689969058965
2024-11-01,51673.89843999989,17139.837603167183,0.0038497056490314208,-0.007072795487773224
2024-11-04,51215.249999999905,17077.019624979086,-0.008915449003737308,-0.003671760287293882
2024-11-05,52207.24999999989,16953.46079451927,0.0191840348743213,-0.007261688456708448
2024-11-06,52317.39843999991,16929.058717536747,0.002107607773234932,-0.0014403935452806025
2024-11-07,51916.499999999956,16935.21891623831,-0.007692323185120031,0.0003638169304026971
2024-11-08,51561.1992199999,16816.082629290457,-0.006867222193225331,-0.007059685185239712
2024-11-11,51876.749999999905,16735.788608650622,0.006101276393408739,-0.004786270986452286
2024-11-12,51157.80077999996,16672.506919808002,-0.0139557242342363,-0.003788386299020569
2024-11-13,50088.35155999993,16539.85795717727,-0.021126511422167482,-0.007987968845707802
2024-11-14,50179.55077999995,16356.964087139517,0.0018191114608185899,-0.01111935701299788
2024-11-18,50363.80077999992,16254.869452538667,0.0036650898023964373,-0.00626122220391299
2024-11-19,50626.49999999995,16138.994824949034,0.0052024760889626265,-0.007154140106195441
2024-11-21,50372.89843999989,16076.784822991118,-0.005021853533426324,-0.003862087459208962
2024-11-22,51135.398439999946,15965.405507047562,0.01502368506700158,-0.00695206934282177
2024-11-25,52207.49999999989,15967.995064162798,0.020749176577833595,0.00016218486441110054
2024-11-26,52191.49999999997,15969.11002351214,-0.00030651634834022445,6.982219250833906e-05
2024-11-27,52301.8007799999,15914.697727141898,0.002111155837626555,-0.0034131650535376297
2024-11-28,51906.85155999996,15870.891371215443,-0.007580006115857074,-0.002756367580668267
2024-11-29,52055.60155999991,15765.874983646749,0.002861611996314295,-0.0066389069039260356
2024-12-02,52108.99999999994,15750.571024940376,0.001025270463822281,-0.0009711729492002418
2024-12-03,52695.74999999994,15735.187403724265,0.011197128571671655,-0.0009771797287394057
2024-12-04,53266.898439999866,15730.404655857717,0.010780288709552721,-0.0003039985959472109
2024-12-05,53603.550779999874,15714.39004322044,0.006300215934532005,-0.001018586012416676
2024-12-06,53509.49999999988,15723.658684625718,-0.0017561035464002117,0.0005896448443132853
2024-12-09,53407.749999999905,15704.359817232109,-0.0019033417099212357,-0.0012281315042618338
2024-12-10,53577.69921999992,15664.756245636916,0.0031770556499068903,-0.0025250053305530557
2024-12-11,53391.35155999987,15642.439751215199,-0.0034841451270537505,-0.0014256465640524304
2024-12-12,53216.44921999995,15605.297420529334,-0.003281232623576713,-0.0023772824236278317
2024-12-13,53583.80077999995,15554.70263313695,0.006879253723001355,-0.0032474218079949144
2024-12-16,53581.35155999994,15523.675351404321,-4.570926176938883e-05,-0.001996712444678839
2024-12-17,52834.80077999988,15470.670125685136,-0.014031009603023392,-0.003420319195460679
2024-12-18,52139.55077999993,15360.39663475896,-0.013246286461210843,-0.007153431441193629
2024-12-19,51575.69921999994,15267.948141693867,-0.010873176608978241,-0.006036811620006024
2024-12-20,50759.199219999915,15167.010181476191,-0.015957749295065327,-0.0066330519811729745
2024-12-23,51317.60155999997,15000.552789484624,0.010940936745194918,-0.011035633304926726
2024-12-24,51232.99999999992,14931.169158244156,-0.0016499479848164356,-0.004636135243925656
2024-12-26,51170.699219999915,14840.469408830111,-0.0012167683035091414,-0.006093049249792635
2024-12-27,51311.30077999991,14767.470821116738,0.0027439286551285136,-0.004931024249560395
2024-12-30,50952.74999999991,14713.153992767102,-0.0070122833290700015,-0.0036849212087560947
2024-12-31,50860.19921999995,14630.566430243327,-0.0018180556835165618,-0.005628991784439758
2025-01-02,51605.55077999994,14557.012310795584,0.01454856294430762,-0.005040108040910661
2025-01-03,50988.80077999991,14588.899227751992,-0.01202322389641175,0.0021880893748277546
2025-01-06,49921.99999999988,14501.652452354594,-0.0211442287001411,-0.005998307488240935
2025-01-07,50202.14843999988,14372.11535629698,0.0055960360302620415,-0.00897270948465354
2025-01-08,49835.050779999925,14313.541733901113,-0.00733925600997587,-0.004083832112871017
2025-01-09,49503.49999999993,14223.947527516659,-0.006675193235752275,-0.006279073812768145
2025-01-10,48734.14843999987,14117.055473556456,-0.015663389783039605,-0.0075433153030235725
2025-01-13,48041.24999999994,14002.98717995303,-0.014319967506068565,-0.008112997599598826
2025-01-14,48729.14843999996,13820.814657037832,0.014217364779414154,-0.013094912562333453
2025-01-15,48751.69921999989,13758.499029178955,0.0004626709952475494,-0.004519019915888193
2025-01-16,49278.699219999944,13663.644093873496,0.010751870547561992,-0.006918154660592222
2025-01-17,48540.60155999994,13598.389827728566,-0.015091329879304283,-0.004787199000145134
2025-01-20,49350.800779999896,13480.642583380564,0.016553398993391255,-0.008696616974543037
2025-01-21,48570.89843999996,13433.978777489352,-0.01592943826818427,-0.0034675466559385432
2025-01-22,48724.398439999895,13301.924745814176,0.0031553452690662454,-0.009878484594825999
2025-01-23,48588.99999999996,13244.437510792428,-0.0027827314541060133,-0.004331088706598285
2025-01-24,48367.800779999896,13201.633319116934,-0.004562848649985796,-0.003237095546539947
2025-01-27,48064.64843999992,13101.122918019051,-0.006287371960624455,-0.007642612768158346
2025-01-28,48866.85155999997,12954.365553096262,0.016552337177113685,-0.011265105781703774
2025-01-29,49165.94921999993,12880.889240922077,0.006102010463498786,-0.005688080947209847
2025-01-30,49311.94921999996,12862.753372992653,0.002965134497840083,-0.0014089591905573936
2025-01-31,49587.19921999996,12803.893287021278,0.00556629081296478,-0.00458651182082262
2025-02-03,49210.55077999995,12776.953444661942,-0.007624672924697151,-0.002106251806387412
2025-02-04,50157.949219999886,12712.511238895673,0.01906896346430642,-0.005056390462976091
2025-02-05,50343.05077999994,12727.625181501657,0.0036835806469586174,0.001188196803224239
2025-02-06,50382.10155999989,12710.63092107327,0.0007753928596638815,-0.0013361185521569149
2025-02-07,50158.851559999894,12682.00111869018,-0.004440983698474454,-0.002254970218910419
2025-02-10,49980.99999999996,12659.334932588932,-0.0035520673184166185,-0.0017888711234332756
2025-02-11,49403.398439999946,12584.525793287772,-0.011623717050211368,-0.00592693479877278
2025-02-12,49479.44921999994,12474.48379396535,0.001538199936485185,-0.008782686026310663
2025-02-13,49359.85155999993,12404.785241714482,-0.002420043796869109,-0.005602956782111303
2025-02-14,49099.44921999994,12342.188460123572,-0.005289555076972263,-0.005058955155363599
2025-02-17,49258.89843999996,12236.349380839967,0.0032422130601048593,-0.00861237020420864
2025-02-18,49087.300779999954,12172.994210665825,-0.003489668853518424,-0.005191070559272737
2025-02-19,49570.1015599999,12099.68826294722,0.009787499421364032,-0.006040219961205213
2025-02-20,49334.55077999997,12035.489488944097,-0.004763198085750986,-0.005319946351745023
2025-02-21,48981.19921999994,11976.599278103091,-0.0071881276692185025,-0.004905056739136875
2025-02-24,48651.94921999992,11869.699521889062,-0.006744661078828429,-0.00896579156439776
2025-02-25,48608.3515599999,11764.051462412523,-0.0008965150749169482,-0.008940498973023585
2025-02-27,48743.80077999994,11675.04551132973,0.0027826669291961537,-0.007594693515654904
2025-02-28,48344.69921999991,11589.84964566101,-0.008221443487292035,-0.0073240172309153905
2025-03-03,48114.300779999954,11430.844491556194,-0.0047771359470978325,-0.01381432565000573
2025-03-04,48245.199219999886,11347.881725038138,0.002716878367323261,-0.007284264498909013
2025-03-05,48489.949219999966,11253.013737942534,0.005060219086832518,-0.008395113762224725
2025-03-06,48627.69921999995,11231.942926661392,0.0028367674586107228,-0.0018742146372228566
2025-03-07,48497.49999999995,11196.511641714671,-0.0026810611259673323,-0.003159496728841591
2025-03-10,48216.800779999954,11136.31912330664,-0.00580472600043791,-0.0053905091383539645
2025-03-11,47853.949219999886,11059.84397696581,-0.007553876396078962,-0.00689087105802248
2025-03-12,48056.6484399999,10991.759110346902,0.004226843054555118,-0.006175068787264195
2025-03-13,48060.39843999994,10927.288328188373,7.802986304028536e-05,-0.005882643236159563
2025-03-17,48354.14843999994,10860.75943150358,0.006093497681298743,-0.006106935709232893
2025-03-18,49314.49999999993,10833.952571960945,0.01966613702608555,-0.002471281774225253
2025-03-19,49702.601559999945,10856.762901455078,0.007839121552660089,0.0021032351773489478
2025-03-20,50062.851559999945,10844.440409180594,0.007221970221646501,-0.001135650721525437
2025-03-21,50593.550779999896,10859.879380318891,0.010544866003742825,0.0014226636809664336
2025-03-24,51704.94921999991,10873.509529068519,0.021729393296771704,0.0012543051241075088
2025-03-25,51607.949219999886,10917.424940104183,-0.001877791252928418,0.004030618379537574
2025-03-26,51208.999999999876,10910.503090293289,-0.007760417425732413,-0.0006342196138151219
2025-03-27,51575.851559999915,10882.412185425092,0.007138272073600405,-0.00257798647592658
2025-03-28,51564.85155999988,10874.388641056068,-0.00021330085425042,-0.0007375665932459611
2025-04-01,50827.49999999992,10833.3531783362,-0.014402722370856935,-0.003780725967810512
2025-04-02,51348.05077999996,10756.293396893994,0.01018942946417667,-0.007138616968060523
2025-04-03,51597.35155999997,10746.846258727912,0.0048433686532689535,-0.0008786752934876115
2025-04-04,51502.69921999991,10696.595556881275,-0.0018361264786239673,-0.00468682166453141
2025-04-07,49860.10155999992,10572.966475536088,-0.032413103338395644,-0.011625107602624
2025-04-08,50510.99999999995,10396.928941811984,0.012970019347106287,-0.016789942500707155
2025-04-09,50240.14843999988,10367.008789894184,-0.0053766575703608765,-0.0028819362697987657
2025-04-11,51002.351559999894,10259.720542217034,0.015057263907532814,-0.010402930442118952
2025-04-15,52379.499999999935,10247.042405513404,0.026643552724959108,-0.001236483627497469
2025-04-16,53117.74999999993,10280.423478871284,0.013995853937483815,0.0032523354777862453
2025-04-17,54290.199219999966,10265.275535064724,0.02183257011964379,-0.0014745613221536554
2025-04-21,55304.49999999989,10284.528777948692,0.018510562076427206,0.0018738133195006018
2025-04-22,55647.19921999991,10334.736746988749,0.0061774684339930275,0.004870015201207026
2025-04-23,55370.05077999987,10346.325778764012,-0.004992900035873049,0.0011207386442422804
2025-04-24,55201.39843999992,10393.167231305131,-0.0030505609174600323,0.004517133776257382
2025-04-25,54664.05077999996,10399.75459319469,-0.009782000594318774,0.0006336158203780636
2025-04-28,55432.80077999991,10363.63282810638,0.013965203963213213,-0.0034793746122783013
2025-04-29,55391.24999999988,10393.05979058323,-0.0007498513482318003,0.0028354211080300644
2025-04-30,55087.14843999989,10383.695499160749,-0.00550519074010225,-0.000901420065450513
2025-05-02,55115.351559999974,10364.600809400523,0.0005118417570528777,-0.0018406036685655127
2025-05-05,54919.499999999876,10342.160556971929,-0.0035598133508987218,-0.0021674332182104687
2025-05-06,54271.39843999991,10333.387145809866,-0.011871120767457555,-0.0008486751417442594
2025-05-07,54610.898439999946,10283.392420779604,0.006236112021236195,-0.004849915852805449
2025-05-08,54365.64843999991,10267.401058894357,-0.004500976055130224,-0.0015562771460530113
2025-05-09,53595.249999999935,10203.137748113659,-0.014272047158641499,-0.006278635115386072
2025-05-12,55382.85155999989,10136.086694392134,0.03280956246126898,-0.0065932992491665975
2025-05-13,54940.85155999991,10207.910240591516,-0.008012826843119214,0.0070609374191883505
2025-05-14,54801.30077999994,10155.490729997979,-0.0025432498314206242,-0.00514841567535418
2025-05-15,55355.60155999991,10141.370091573264,0.010063926029804549,-0.001391411295274443
2025-05-16,55354.89843999995,10150.459365664621,-1.270195690494802e-05,0.0008958556170007743
2025-05-19,55420.69921999995,10125.18188509805,0.0011880014936309635,-0.0024933853730912774
2025-05-20,54877.35155999994,10099.340068832704,-0.009852432593316252,-0.0025554947986071827
2025-05-21,55075.101559999915,10034.906259627609,0.003597013210789868,-0.006400441130816476
2025-05-22,54941.300779999896,10018.403835220255,-0.0024323799565006965,-0.0016458557768772276
2025-05-23,55398.24999999993,9960.901415444705,0.008282648045586427,-0.00575621402524115
2025-05-26,55571.99999999989,9936.873417621144,0.0031314724799553773,-0.0024151453822960447
2025-05-27,55352.800779999874,9919.120550856944,-0.003952218147491138,-0.001788162458431464
2025-05-28,55416.999999999935,9871.181585431264,0.0011591467482343631,-0.0048447021031492645
2025-05-29,55546.05077999992,9825.003482603683,0.002326014601742088,-0.004689048897394245
2025-05-30,55749.69921999993,9803.175219425935,0.0036595946796236234,-0.002224177037284087
2025-06-02,55903.39843999991,9751.043198778865,0.0027531581354445223,-0.0053320611486807525
2025-06-03,55599.949219999966,9707.841062582625,-0.005442885357400229,-0.004440358100687121
2025-06-04,55676.85155999994,9654.705130388382,0.0013821812220324858,-0.005488541130271218
2025-06-05,55760.85155999991,9618.600079877218,0.0015075690463373093,-0.003746642555818627
2025-06-06,56578.39843999995,9590.264090957502,0.014555221142423136,-0.002950305569497339
2025-06-09,56839.60155999997,9586.99710845972,0.0046060339945537265,-0.0003407141922315384
2025-06-10,56629.101559999945,9578.069965092809,-0.0037102784414280165,-0.0009316058199324348
2025-06-11,56459.74999999996,9562.170372887062,-0.0029950200087132117,-0.0016613789150121455
2025-06-12,56082.550779999976,9544.767411498824,-0.006703268545269481,-0.0018216384432789392
2025-06-13,55527.35155999999,9494.071725001151,-0.00994900609975069,-0.005325514433902113
2025-06-16,55944.89843999993,9444.841241948176,0.00749152964671751,-0.005198882747268897
2025-06-17,55714.14843999998,9429.955787341622,-0.004133123735762467,-0.0015772840014638512
2025-06-18,55828.749999999935,9378.230094325765,0.0020548435073326488,-0.005500352213634743
2025-06-19,55577.44921999991,9335.904659217389,-0.0045114402607460136,-0.004523373143756464
2025-06-20,56252.85155999993,9281.325392685856,0.012079204785116815,-0.0058633236783720835
2025-06-23,56059.35155999996,9269.28946519934,-0.003445755422481156,-0.0012976312933680586
2025-06-24,56461.898439999975,9218.921662464529,0.007155067995851638,-0.005448653414454972
2025-06-25,56621.148439999924,9195.671337822721,0.002816515997190905,-0.002525207806267859
2025-06-26,57206.69921999989,9183.013722573005,0.010288447988425986,-0.0013774235979767833
2025-06-27,57443.89843999997,9172.301223028273,0.004137781455479939,-0.0011672369330347483
2025-06-30,57312.74999999993,9154.375129612115,-0.002285680156745684,-0.001956284793623118
2025-07-01,57459.44921999998,9128.634088203176,0.002556355997121784,-0.0028158448218917297
2025-07-02,56999.19921999991,9104.05708647647,-0.008042249090520315,-0.0026959285797994886
2025-07-03,56791.94921999993,9075.748326292174,-0.003642642367269744,-0.003114310898487993
2025-07-04,57031.89843999992,9045.565223614494,0.004216156462412357,-0.0033312298809472373
2025-07-07,56949.19921999989,9027.719413380088,-0.0014511043709788396,-0.001974828194503852
2025-07-08,57256.3007799999,8991.494291014522,0.00537806498296689,-0.00402072718175733
2025-07-09,57213.55077999993,8961.80822685367,-0.0007469215938495921,-0.0033070340330282454
2025-07-10,56955.99999999991,8925.737190099913,-0.004511732158468007,-0.004033095073336563
2025-07-11,56754.69921999999,8880.951349651044,-0.0035405813466660163,-0.005030237349814001
2025-07-14,56765.35155999993,8825.519754484716,0.00018767327812163614,-0.006261188457960523
2025-07-15,57006.648439999946,8786.685022627653,0.004241768480758523,-0.004409986743466629
2025-07-16,57168.94921999997,8768.982266436495,0.0028430048564676014,-0.002016757540444364
2025-07-17,56828.800779999954,8741.865270188562,-0.005967651983855404,-0.003097167954634649
2025-07-18,56282.99999999996,8699.603925778743,-0.009650717473990156,-0.004846085687200421
2025-07-21,56952.74999999996,8651.69213995543,0.011829440969686189,-0.005522573923334402
2025-07-22,56755.99999999989,8629.082036990892,-0.003460599054204039,-0.002616794321263875
2025-07-23,57210.449219999944,8579.853976177757,0.007975182728298336,-0.005721236345508884
2025-07-24,57066.05077999988,8559.916047952753,-0.0025271777986137778,-0.00232651163814091
2025-07-25,56528.89843999993,8516.185750695953,-0.009457398367876735,-0.005121823864810016
2025-07-28,56084.898439999924,8457.999091475966,-0.007885397934185079,-0.006855927124242681
2025-07-29,56221.99999999995,8404.863072986933,0.0024415531015762326,-0.006302156044255719
2025-07-30,56150.69921999998,8378.899214774483,-0.0012690055514070764,-0.0030939283431977967
2025-07-31,55961.9492199999,8339.730400906185,-0.0033671522519398422,-0.004685657429171291
2025-08-01,55617.60155999993,8285.925203098663,-0.006172255593472897,-0.006472573104215144
2025-08-04,55619.35155999997,8203.323813170466,3.146436415413234e-05,-0.010018901503042072
2025-08-05,55360.24999999993,8176.5324255837395,-0.004669363146428296,-0.003271263323413
2025-08-06,55411.14843999988,8122.870155084298,0.0009189816920045502,-0.006584592793430056
2025-08-07,55521.14843999994,8055.909583577746,0.001983192255940125,-0.008277627228710123
2025-08-08,55004.89843999991,8018.028367056465,-0.009341757331023715,-0.004713379729123106
2025-08-11,55510.749999999935,7942.511868424345,0.009154451877789072,-0.009462970682097208
2025-08-12,55043.699219999966,7913.095513967841,-0.008449294657562945,-0.003710534386678709
2025-08-13,55181.44921999995,7869.808230111015,0.0024994309132111425,-0.005485352137763066
2025-08-14,55341.85155999991,7846.5293131046565,0.002902599750186141,-0.002962386620480601
2025-08-18,55734.8984399999,7814.022950057687,0.007077061949898322,-0.004151374636734144
2025-08-19,55865.148439999924,7806.504647385305,0.002334229469999727,-0.0009626183502498034
2025-08-20,55698.49999999995,7790.125754364759,-0.0029875065270399404,-0.002100312518753183
2025-08-21,55755.44921999996,7774.382780374464,0.0010219328315379528,-0.0020229330497458634
2025-08-22,55149.398439999924,7754.800213905593,-0.010929311486345128,-0.0025220356867359413
2025-08-25,55139.30077999988,7716.1413363182455,-0.0001831132309959571,-0.00499762188675444
2025-08-26,54450.44921999993,7704.320182138213,-0.012571625220092031,-0.001533178041589204
2025-08-28,53820.351559999894,7651.0469481865,-0.011639422061069382,-0.0069387396915972215
2025-08-29,53655.64843999997,7591.382370000795,-0.003064930755373396,-0.00782878918791996
2025-09-01,54002.44921999993,7539.801029037833,0.006442654795415947,-0.006817912308788366
2025-09-02,53660.999999999905,7525.3353927269045,-0.006342920782433481,-0.0019204128461504711
2025-09-03,54067.55077999988,7482.931969165912,0.00754772448142127,-0.005650690431876175
2025-09-04,54075.449219999915,7463.718053196037,0.00014607399487864825,-0.002571001063765867
2025-09-05,54114.55077999992,7429.955888082205,0.0007228313467511072,-0.004533766897116365
2025-09-08,54186.898439999946,7399.415375715844,0.001336042523583103,-0.004118927903436919
2025-09-09,54216.101559999945,7378.839280064874,0.0005387880539551304,-0.0027846466888357914
2025-09-10,54535.99999999991,7367.317081929615,0.005883092980676352,-0.0015627394959504826
2025-09-11,54669.60155999992,7355.373027445938,0.0024467907276761736,-0.0016225373237223836
2025-09-12,54809.30077999996,7333.845723740053,0.0025520770273903537,-0.0029310366306385606
2025-09-15,54887.85155999995,7321.196182560255,0.001432139153116907,-0.0017263061275590629
2025-09-16,55147.60155999992,7295.225636806439,0.004721214392587214,-0.0035536157077061697
2025-09-17,55493.30077999997,7289.737312480784,0.006249051438832254,-0.0007526004150701045
2025-09-18,55727.449219999944,7279.855356784481,0.0042105234126736946,-0.001356517980423345
2025-09-19,55458.85155999991,7277.193823646927,-0.004831497776496718,-0.00036566932408104233
2025-09-22,55284.74999999996,7256.798052406526,-0.003144230474370957,-0.0028066321768681806
2025-09-23,55509.74999999992,7216.498544865308,0.004061579037006879,-0.0055688227511907175
2025-09-24,55121.4999999999,7196.273976919819,-0.007018841311088764,-0.002806480320082078
2025-09-25,54976.19921999998,7154.599057875487,-0.0026394895694892284,-0.005808014062278322
2025-09-26,54389.351559999974,7109.750168966037,-0.010731958799013341,-0.006288269584815461
2025-09-29,54460.99999999991,7038.716205748403,0.0013164578583477748,-0.0100413088154803
2025-09-30,54635.85155999999,6996.070668445134,0.0032054400693368734,-0.006077138033204344
2025-10-01,55347.949219999966,6959.291998974861,0.012949318092065454,-0.005270913482810163
2025-10-03,55589.24999999994,6943.906073044075,0.0043502299001207945,-0.002213293967613411
2025-10-06,56104.85155999995,6919.349545524233,0.009232452120652823,-0.0035426820191067927
2025-10-07,56239.35155999992,6907.769018232956,0.0023944282041306053,-0.0016750460257613667
2025-10-08,56018.249999999905,6887.1696380954345,-0.003939187063213723,-0.002986514976494658
2025-10-09,56192.050779999976,6856.875753312808,0.0030977711988526835,-0.004408299445843269
2025-10-10,56609.749999999956,6847.362103136069,0.007405930158329355,-0.0013884247784810946
2025-10-13,56624.99999999992,6837.798312157381,0.00026935194526700457,-0.0013976880424333446
2025-10-14,56496.44921999992,6815.392561865326,-0.0022727932893911174,-0.0032821295201074427
2025-10-15,56799.89843999997,6787.139408654811,0.005356747183531851,-0.004154108058883988
2025-10-16,57422.55077999998,6774.699387340123,0.01090255920639116,-0.0018345631430738817
2025-10-17,57713.35155999998,6772.029202540627,0.005051446029531448,-0.0003942183998683043
2025-10-20,58033.19921999992,6757.253730854165,0.0055267041993953825,-0.002184221829562907
2025-10-21,58007.19921999996,6752.890544890339,-0.0004481198062844527,-0.0006459125863450111
2025-10-23,58078.050779999976,6741.181054382407,0.001220681676574742,-0.0017355018996063785
2025-10-24,57699.60155999992,6735.519346111589,-0.0065375408853523,-0.0008402217806512225
2025-10-27,58114.249999999905,6711.717426810282,0.007160632448702131,-0.00354004983481435
2025-10-28,58214.10155999994,6703.640455795392,0.0017167196678009589,-0.0012041381320576454
2025-10-29,58385.24999999996,6683.822231472684,0.00293566920614019,-0.002960716195833474
2025-10-30,58031.101559999974,6673.079951836244,-0.006084188822677916,-0.0016084990074960231
2025-10-31,57776.35155999994,6642.572340580784,-0.004399551221435871,-0.004582226084859284
2025-11-03,58101.44921999993,6609.387052197878,0.005611057696267352,-0.0050083699726152465
2025-11-04,57827.05077999991,6593.044303046523,-0.00473393432058522,-0.0024757193669746914
2025-11-06,57554.249999999935,6553.491166899747,-0.004728691503498084,-0.006017289586503742
2025-11-07,57876.8007799999,6517.606513342889,0.005588645643229029,-0.0054907008712291195
2025-11-10,57937.5507799999,6492.263633694823,0.0010490928758564166,-0.00389595152250981
2025-11-11,58138.14843999989,6476.635467048285,0.0034563282589950006,-0.002410100362402196
2025-11-12,58274.64843999993,6463.083861123788,0.002345104081602045,-0.0020945757068337565
2025-11-13,58381.94921999998,6457.797476383545,0.0018396012298040887,-0.0008182700385713005
2025-11-14,58517.55077999993,6438.909098516368,0.0023199692183482057,-0.002929180603252864
2025-11-17,58962.69921999998,6416.782949718068,0.007578304786214574,-0.0034422371915881337
2025-11-18,58899.24999999992,6408.152271384086,-0.0010766702324076505,-0.0013459217513486401
2025-11-19,59216.05077999991,6380.1664825376265,0.005364276051984973,-0.004376780726238892
2025-11-20,59347.69921999997,6376.513172196355,0.002220720820709232,-0.0005727682343723273
2025-11-21,58867.69921999993,6361.24853986683,-0.008120814111126862,-0.0023967538382014134
2025-11-24,58835.35155999999,6329.251267806052,-0.0005496486386711297,-0.00504272335222687
2025-11-25,58820.30078,6303.102744422154,-0.00025584457325678045,-0.0041399347588477586
2025-11-26,59528.05078000002,6278.400494413131,0.011960596458953532,-0.003926761577112375
2025-11-27,59737.30077999995,6281.138258904047,0.0035089858365484616,0.0004359657767775981
2025-11-28,59752.69921999999,6265.662448039471,0.0002577360462847622,-0.0024668948004045155
2025-12-01,59681.35156,6252.440239492458,-0.0011947625994626065,-0.0021124948075938463
2025-12-02,59273.80077999995,6237.327808297368,-0.006852202138620811,-0.002419971053498856
2025-12-03,59348.24999999996,6213.265450827541,0.00125523423825058,-0.00386525957874088
2025-12-04,59288.69921999997,6191.399640289892,-0.0010039163244339733,-0.003525420964419813
2025-12-05,59777.199219999966,6175.975697691342,0.008205586105782814,-0.002494296513807892
2025-12-08,59238.550780000005,6167.626033635241,-0.009051778740680305,-0.0013528734175568859
2025-12-09,59222.35155999998,6128.196017756843,-0.0002734947950084887,-0.006413585179302456
2025-12-10,58960.39843999994,6093.70523196332,-0.004433025107056565,-0.005644109971145069
2025-12-11,59209.85155999991,6060.7298602560095,0.0042219338714435395,-0.005426077372254407
2025-12-12,59389.949219999944,6047.5345936009735,0.0030370674697142164,-0.0021795480151461984
2025-12-15,59461.80077999995,6033.044773358735,0.0012090956801795727,-0.0023988629602306145
2025-12-16,59034.60155999994,6008.217919604287,-0.007210363561753752,-0.004123635463806095
2025-12-17,58926.749999999956,5972.561862089836,-0.0018285919689127184,-0.005952227390146956
